qwefqwefqwefv25t245y3b54yvg4rtyberdybe45thvgrtbhyt,ty356ygvrtuby3567g6fyeytgvrty,u85p59muv094mjy09b25m0y9vgj45m09yj34059bj504y,,,,,,,,,,,,
Example,Test SGPB,,,,Example,Test SGPB,,,,,,,,
Example,Test SGPB,,,,,,,,,,,,,
,,,,,,,,,,,,,,
,,,,,,,,,,,,,,
,,,,,,,,,,,,,,
,,,,,,,,,Example,Test SGPB,,,,
,,,,,,,,,,,,,,
,,,,,,,,,,,,,Example,Test SGPB
,,,,,,,,,,,,,,
,,,,,,,,,,,,,,
,,,,Example,Test SGPB,,,,,,,,,
,,,,,,,,,,,,,,
,,,,,,,Example,Test SGPB,,,,,,
Example,Test SGPB,,,,,,,,,,,,,
,,,,,,,,,,,,,,
Example,Test SGPB,,,,,,,,,,,,,
,,,,,,,,,,,,,,
,,,,,,,,,,,,,,
Example,Test SGPB,,,,,,,,,,,,,
,,,,Example,Test SGPB,,,,,,,,Example,Test SGPB
,,,,,,,,Example,Test SGPB,,,,,
Example,Test SGPB,,,,,,,,,,,,,
,,,,,,,,,,,,,,
,,,,,,,,,,,,,,
,,,,,,,,,,,,,,
,,,,,,,,,,,,,,
,,,Example,Test SGPB,,,,,,,,,,
,,,,,,,,,,,,,,
,,,,,,,,,,,,,,
,,,,,,,Example,Test SGPB,,Example,Test SGPB,,,
,,,,,,,,,,,,,,
,Example,Test SGPB,,,,,,,,,,,,
,,,Example,Test SGPB,,,,,,,,,,
